name,email,phone,city,order_value
"  Diego Prado",diego.prado@gmail.com,(11) 98888-1001,São Paulo,"R$ 75,00"
Elisa Ramos,ELISA.RAMOS@GMAIL.COM,+55 21 98888-1002,Rio de Janeiro,"$ 40.00"
"Bruno  Costa",BRUNO.COSTA@OUTLOOK.COM,(11) 98888-1003,São Paulo,"R$ 15,90"
"Fernanda  Lopes",fernanda.lopes@icloud.com,31988881004,Belo Horizonte,"1,199.90"
Carla Dias,carla.dias@gmail.com,(41) 98888-1005,Curitiba,"R$ 62,00"
"Gustavo  Braga",gustavo.braga@hotmail.com,+55 61 98888-1006,Brasília,"R$ 310,00"
"Hugo  Castro",HUGO.CASTRO@EMPRESA.COM.BR,(85) 98888-1007,Fortaleza,"$ 88.00"
"Ursula  Vieira",ursula.vieira@gmail.com,(11) 98888-1008,São Paulo,"R$ 25,50"
"Ines  Duarte",ines.duarte@uol.com.br,(61) 98888-1009,Brasília,"R$ 509,99"
Thiago Ramos,THIAGO.RAMOS@OUTLOOK.COM,21988881010,Rio de Janeiro,"$ 5,00"
